<application>
  <component name="ProjectManager">
    <defaultProject>
      <component name="MavenImportPreferences">
        <option name="generalSettings">
          <MavenGeneralSettings>
            <option name="mavenHome" value="D:/Software/DevTools/apache-maven-3.6.2" />
            <option name="userSettingsFile" value="D:\Software\DevTools\apache-maven-3.6.2\conf\settings.xml" />
          </MavenGeneralSettings>
        </option>
      </component>
      <component name="PropertiesComponent">
        <property name="settings.editor.selected.configurable" value="MavenSettings" />
      </component>
    </defaultProject>
  </component>
</application>